,Words,Frequency
0,y,1147
1,que,901
2,de,763
3,la,530
4,a,485
5,el,463
6,en,429
7,no,343
8,por,283
9,con,281
10,me,254
11,lo,214
12,mi,198
13,yo,195
14,un,164
15,se,160
16,los,158
17,como,146
18,le,141
19,las,139
20,del,129
21,él,118
22,más,117
23,su,114
24,al,98
25,mas,92
26,había,89
27,porque,88
28,para,83
29,si,80
30,bien,79
31,amo,77
32,dios,76
33,muy,69
34,señor,67
35,mí,67
36,una,67
37,es,67
38,cual,59
39,era,58
40,pues,58
41,ni,58
42,ser,55
43,casa,55
44,tan,54
45,fue,54
46,tenía,52
47,día,52
48,sin,49
49,esto,49
50,qué,49
51,todo,47
52,estaba,47
53,aunque,45
54,este,45
55,aquel,44
56,ansí,42
57,allí,41
58,ella,39
59,tal,38
60,mis,37
61,ciego,37
62,o,37
63,cuando,37
64,poco,36
65,manera,36
66,gran,35
67,comer,35
68,hacer,34
69,te,34
70,mal,34
71,noche,33
72,ya,33
73,vino,33
74,así,33
75,otro,32
76,dos,32
77,mejor,31
78,sus,31
79,todos,31
80,entre,30
81,veces,29
82,tiempo,29
83,decir,29
84,pan,29
85,luego,29
86,nos,28
87,dijo,28
88,puerta,28
89,mucho,27
90,mano,27
91,tres,26
92,hecho,26
93,hombre,26
94,esta,26
95,después,26
96,lázaro,26
97,sobre,26
98,vida,25
99,dije,25
100,vi,25
101,cosas,24
102,nunca,24
103,otra,24
104,buen,24
105,hasta,24
106,sino,24
107,diciendo,24
108,he,24
109,aun,23
110,manos,23
111,ha,23
112,antes,22
113,días,22
114,tanto,21
115,alguacil,21
116,hambre,21
117,digo,21
118,cosa,21
119,quien,21
120,está,21
121,dél,20
122,aquí,20
123,aquella,20
124,hacía,20
125,también,20
126,lugar,20
127,boca,20
128,otras,20
129,mundo,20
130,buena,20
131,llave,20
132,cabo,19
133,verdad,19
134,decía,19
135,sí,18
136,della,18
137,nada,18
138,toda,18
139,según,18
140,ellos,18
141,muchas,18
142,eso,18
143,vuestra,17
144,hay,17
145,arca,17
146,iba,17
147,jarro,17
148,otros,17
149,donde,17
150,éste,17
151,fuese,17
152,agora,17
153,bula,17
154,dio,17
155,haber,16
156,parte,16
157,paso,16
158,algo,16
159,mozo,16
160,merced,16
161,yo-,16
162,pobre,15
163,calle,15
164,gente,15
165,mil,15
166,-dije,15
167,cómo,15
168,daba,15
169,cuenta,15
170,hoy,15
171,tomar,15
172,hizo,14
173,do,14
174,ver,14
175,os,14
176,alguna,14
177,habían,14
178,iglesia,14
179,les,14
180,díjome,13
181,tú,13
182,cuales,13
183,tierra,13
184,menos,13
185,fuera,13
186,triste,13
187,estaban,13
188,pienso,13
189,tener,13
190,adelante,13
191,traía,13
192,cabeza,13
193,ciudad,12
194,todas,12
195,cada,12
196,siempre,12
197,pensando,12
198,tanta,12
199,madre,12
200,estar,12
201,desta,12
202,saber,12
203,dar,12
204,nadie,12
205,desde,12
206,ellas,12
207,puesto,12
208,cruz,12
209,ir,12
210,ello,12
211,tiene,12
212,remedio,11
213,pecador,11
214,vieja,11
215,algún,11
216,voces,11
217,agua,11
218,hace,11
219,tengo,11
220,mañana,11
221,aquél,11
222,dentro,11
223,e,11
224,finalmente,11
225,eran,11
226,m,11
227,cuatro,11
228,muchos,11
229,unos,11
230,estando,11
231,mucha,11
232,ventura,11
233,longaniza,11
234,muerto,11
235,santa,10
236,viendo,10
237,visto,10
238,bulas,10
239,arcaz,10
240,uno,10
241,mujer,10
242,hombres,10
243,cama,10
244,par,10
245,sé,10
246,vivir,10
247,v,10
248,aquello,10
249,comido,10
250,diablo,10
251,estuve,10
252,comenzó,10
253,menester,10
254,grandes,9
255,alguno,9
256,daño,9
257,cuanto,9
258,pueblo,9
259,quiero,9
260,aquellos,9
261,cara,9
262,parecía,9
263,oración,9
264,fortuna,9
265,pie,9
266,dicho,9
267,dicen,9
268,año,9
269,sentido,9
270,ojos,9
271,quiso,9
272,ninguna,9
273,miedo,9
274,medio,9
275,casi,9
276,hice,9
277,escribano,9
278,venida,9
279,decían,9
280,debía,9
281,quería,9
282,culebra,9
283,vio,9
284,fe,8
285,suelen,8
286,milagro,8
287,presto,8
288,parece,8
289,capa,8
290,viejo,8
291,pasaba,8
292,acabado,8
293,todavía,8
294,oficio,8
295,tu,8
296,camino,8
297,carne,8
298,soy,8
299,púlpito,8
300,poner,8
301,tras,8
302,podía,8
303,negocio,8
304,priesa,8
305,echar,8
306,andaba,8
307,algunos,8
308,di,8
309,honra,8
310,siendo,8
311,quién,8
312,son,8
313,persona,8
314,ésta,8
315,vecinos,8
316,cielo,7
317,oh,7
318,adonde,7
319,vos,7
320,bueno,7
321,fui,7
322,demonio,7
323,puso,7
324,mochacho,7
325,contento,7
326,debajo,7
327,buenos,7
328,debe,7
329,sayo,7
330,pocos,7
331,solo,7
332,tratado,7
333,eres,7
334,falta,7
335,cierto,7
336,mala,7
337,deseo,7
338,nuestro,7
339,hora,7
340,negra,7
341,comigo,7
342,sermón,7
343,posada,7
344,grande,7
345,caridad,7
346,venía,7
347,algunas,7
348,mayor,7
349,nuevo,7
350,altar,7
351,mayormente,7
352,podría,7
353,muerte,7
354,memoria,7
355,clérigo,7
356,casas,7
357,malas,7
358,laceria,7
359,ratones,7
360,clérigos,7
361,blanca,7
362,tomó,7
363,tormes,7
364,llevar,7
365,suyo,7
366,tantas,7
367,vez,7
368,poder,7
369,primero,7
370,desque,7
371,buenas,7
372,dice,7
373,mío,7
374,venir,7
375,parecióme,7
376,toledo,7
377,entonces,6
378,deseaba,6
379,suya,6
380,adónde,6
381,venido,6
382,asentó,6
383,fuerza,6
384,pedazos,6
385,peor,6
386,da,6
387,abajo,6
388,sabía,6
389,pasó,6
390,alegre,6
391,llevaba,6
392,mesón,6
393,mesmo,6
394,dando,6
395,quisiera,6
396,caso,6
397,ruido,6
398,servir,6
399,razón,6
400,dándome,6
401,sería,6
402,tercero,6
403,presente,6
404,estómago,6
405,acaeció,6
406,comía,6
407,estos,6
408,sea,6
409,maldita,6
410,sueño,6
411,pies,6
412,ratón,6
413,ponía,6
414,torné,6
415,jubón,6
416,mujeres,6
417,poca,6
418,pajas,6
419,-dijo,6
420,pude,6
421,señores,6
422,criado,6
423,aparejo,6
424,entró,6
425,padre,6
426,diez,6
427,desdicha,6
428,dejó,6
429,misa,6
430,blancas,6
431,hallé,6
432,-le,6
433,hijo,6
434,sepa,6
435,llaman,6
436,maldito,6
437,pensaba,6
438,ocho,6
439,perdone,6
440,sentía,6
441,esa,5
442,va,5
443,dellas,5
444,salir,5
445,racimo,5
446,piernas,5
447,hacienda,5
448,dende,5
449,pasar,5
450,demás,5
451,andar,5
452,comienzo,5
453,larga,5
454,rezar,5
455,arroyo,5
456,dado,5
457,favor,5
458,plaza,5
459,limosna,5
460,propósito,5
461,vista,5
462,meter,5
463,tiento,5
464,gracias,5
465,salió,5
466,suelo,5
467,deste,5
468,ninguno,5
469,contando,5
470,trabajo,5
471,trabajos,5
472,encima,5
473,contar,5
474,escudero,5
475,sintió,5
476,considerando,5
477,dientes,5
478,harto,5
479,pensar,5
480,ojo,5
481,tienen,5
482,mira,5
483,contaba,5
484,ti,5
485,astuto,5
486,quitaba,5
487,entrar,5
488,alto,5
489,haría,5
490,han,5
491,frío,5
492,estuvimos,5
493,doy,5
494,provecho,5
495,tenían,5
496,maravedís,5
497,sacar,5
498,dicha,5
499,costa,5
500,cuerpo,5
501,aún,5
502,hallar,5
503,pensé,5
504,oí,5
505,contado,5
506,has,5
507,él-,5
508,río,5
509,díjele,5
510,mandó,5
511,tenido,5
512,daban,5
513,mitad,5
514,allá,5
515,creo,5
516,hecha,5
517,comisario,5
518,hacen,5
519,respondió,5
520,queso,5
521,respondí,5
522,hábito,5
523,amos,5
524,nuestra,5
525,palabra,5
526,niño,5
527,bocado,5
528,venían,5
529,dubda,5
530,justicia,5
531,derecho,5
532,señal,5
533,vine,5
534,temor,5
535,lacerado,5
536,quince,5
537,años,5
538,panes,4
539,gesto,4
540,desto,4
541,falsas,4
542,hablaba,4
543,bajo,4
544,tío,4
545,sano,4
546,solía,4
547,buscar,4
548,ruin,4
549,rezaba,4
550,hubiera,4
551,miró,4
552,ciertos,4
553,continente,4
554,quise,4
555,salamanca,4
556,color,4
557,arriba,4
558,acuerdo,4
559,tomé,4
560,hemos,4
561,pecados,4
562,sacó,4
563,bodigo,4
564,estas,4
565,sido,4
566,toca,4
567,-decía,4
568,quieren,4
569,hube,4
570,pago,4
571,tornando,4
572,acá,4
573,viéndome,4
574,entrada,4
575,cruel,4
576,bestias,4
577,descanso,4
578,calor,4
579,dejo,4
580,dinero,4
581,sazón,4
582,delante,4
583,nabo,4
584,jamás,4
585,noches,4
586,dejaba,4
587,estado,4
588,mañas,4
589,remediar,4
590,ellos-,4
591,salvo,4
592,fardel,4
593,sabe,4
594,poste,4
595,debió,4
596,echado,4
597,oyó,4
598,aquellas,4
599,quitar,4
600,tarde,4
601,conmigo,4
602,lazarillo,4
603,buscaba,4
604,mes,4
605,cargo,4
606,cierra,4
607,lumbre,4
608,hallaba,4
609,beber,4
610,primer,4
611,dellos,4
612,ve,4
613,mí-,4
614,echaba,4
615,vuelto,4
616,dejado,4
617,calzas,4
618,lengua,4
619,seguro,4
620,marido,4
621,tenga,4
622,pedazo,4
623,malo,4
624,agujero,4
625,tomad,4
626,parecer,4
627,aprovechaba,4
628,bolsa,4
629,destas,4
630,punto,4
631,ido,4
632,habrá,4
633,toro,4
634,ganancia,4
635,-me,4
636,escalona,4
637,supe,4
638,llorando,4
639,pequeño,4
640,fin,4
641,cuán,4
642,fueron,4
643,vía,4
644,ayuda,4
645,salimos,4
646,llegando,4
647,dormir,4
648,amor,4
649,piedra,4
650,comienza,4
651,unas,4
652,estuvo,4
653,diese,4
654,éstos,4
655,hiciera,4
656,lóbrega,4
657,obscura,4
658,lugares,4
659,llegó,4
660,maldad,4
661,fuimos,4
662,maltratado,4
663,tuve,4
664,tienes,4
665,toma,4
666,veo,4
667,lástima,4
668,respondió-,4
669,dónde,4
670,entrando,4
671,dichos,4
672,abro,4
673,decís,4
674,cámara,4
675,darme,4
676,agujeros,4
677,peligro,4
678,recio,4
679,cinco,4
680,pena,4
681,hubo,4
682,cerrar,4
683,viniese,4
684,están,4
685,corazón,4
686,cerca,4
687,tomo,4
688,dello,4
689,cuánto,4
690,poyo,4
691,traidor,3
692,hallo,3
693,cuantos,3
694,solar,3
695,medias,3
696,saqué,3
697,perdido,3
698,garganta,3
699,justo,3
700,cayese,3
701,creyó,3
702,sant,3
703,pedía,3
704,rodillas,3
705,asiento,3
706,espantado,3
707,falsedad,3
708,hayas,3
709,habíamos,3
710,necesidad,3
711,aprovecha,3
712,cuchillo,3
713,principal,3
714,tablillas,3
715,mesa,3
716,tuvo,3
717,dé,3
718,quinto,3
719,quisiese,3
720,testigos,3
721,pensó,3
722,ratonera,3
723,ahí,3
724,comí,3
725,pasada,3
726,uvas,3
727,dormí,3
728,-dicen,3
729,comíamos,3
730,clavos,3
731,hijos,3
732,golpe,3
733,uña,3
734,paredes,3
735,vaca,3
736,deuda,3
737,asido,3
738,solamente,3
739,mirando,3
740,buscando,3
741,gana,3
742,tripas,3
743,flaqueza,3
744,paja,3
745,estuviese,3
746,hallase,3
747,tomaban,3
748,sentí,3
749,blanco,3
750,partes,3
751,cuidado,3
752,vuestras,3
753,voluntad,3
754,portal,3
755,hablar,3
756,pasado,3
757,caer,3
758,rey,3
759,diligencias,3
760,comida,3
761,quedó,3
762,paz,3
763,venganza,3
764,bastaban,3
765,inocente,3
766,trueco,3
767,apenas,3
768,duda,3
769,suele,3
770,diligencia,3
771,salud,3
772,llegóse,3
773,rogado,3
774,risueño,3
775,donaires,3
776,fuime,3
777,cenar,3
778,levantóse,3
779,nombre,3
780,tuvieron,3
781,durmiendo,3
782,-dijo-,3
783,oír,3
784,pared,3
785,doce,3
786,viejas,3
787,hacia,3
788,yendo,3
789,posible,3
790,enojo,3
791,dormía,3
792,pecado,3
793,villa,3
794,pesar,3
795,sabes,3
796,vecino,3
797,venga,3
798,gracia,3
799,fuesen,3
800,reñir,3
801,sotil,3
802,acordaron,3
803,palabras,3
804,negocios,3
805,verá,3
806,largo,3
807,sólo,3
808,traído,3
809,pensara,3
810,estábamos,3
811,teniendo,3
812,abre,3
813,nariz,3
814,amigos,3
815,pedir,3
816,viniendo,3
817,mujercillas,3
818,bebo,3
819,real,3
820,salto,3
821,dijeron,3
822,inventario,3
823,moría,3
824,avariento,3
825,comenzamos,3
826,llevado,3
827,allende,3
828,huéspedes,3
829,devoto,3
830,osaba,3
831,caballero,3
832,dedos,3
833,echando,3
834,rato,3
835,lenguas,3
836,desastre,3
837,será,3
838,santo,3
839,oraciones,3
840,busca,3
841,holgaba,3
842,espero,3
843,estoy,3
844,reverencia,3
845,hablando,3
846,letras,3
847,artes,3
848,sacaba,3
849,vinieron,3
850,llevan,3
851,plega,3
852,sois,3
853,estotro,3
854,cuantas,3
855,tuviera,3
856,pasión,3
857,predica,3
858,males,3
859,entrase,3
860,mozos,3
861,tomado,3
862,ropa,3
863,treinta,3
864,persecución,3
865,diligente,3
866,bondad,3
867,ciertas,3
868,dormido,3
869,púseme,3
870,comencé,3
871,burla,3
872,irse,3
873,hicieron,3
874,quedar,3
875,espada,3
876,subió,3
877,ambos,3
878,ante,3
879,libras,3
880,hago,3
881,forma,3
882,causa,3
883,mientras,3
884,hechas,3
885,mostró,3
886,quedado,3
887,gusto,3
888,rogaba,3
889,derecha,3
890,fatigas,3
891,llorar,3
892,suplico,3
893,pieza,3
894,puestas,3
895,servicio,3
896,mirase,3
897,amigo,3
898,gentes,3
899,oro,3
900,extenso,3
901,ingenio,3
902,bonete,3
903,evitar,3
904,obras,3
905,suerte,3
906,pobres,3
907,come,3
908,capellán,3
909,fraile,3
910,tuviese,3
911,conocimiento,3
912,poniendo,3
913,haciendo,3
914,sepultura,3
915,noticia,3
916,tomaba,3
917,decirle,3
918,meses,3
919,mozuelo,3
920,lado,3
921,conocí,3
922,asenté,3
923,ven,3
924,voz,3
925,cuántos,3
926,alfamar,3
927,hermanico,3
928,romance,3
929,conveniente,3
930,alcanzar,3
931,adversidades,3
932,fortunas,3
933,burlas,3
934,aquéllos,3
935,necesario,3
936,manda,3
937,alforjas,3
938,veinte,3
939,pasan,3
940,dineros,3
941,mezquino,3
942,gentil,3
943,indulgencia,2
944,juramento,2
945,padecía,2
946,asador,2
947,alcanzaron,2
948,manjar,2
949,costado,2
950,semblante,2
951,galgo,2
952,asno,2
953,puedo,2
954,caballos,2
955,miré,2
956,cumplir,2
957,desventurado,2
958,dimos,2
959,negro,2
960,preso,2
961,relación,2
962,respondióme,2
963,bienes,2
964,comendador,2
965,deso,2
966,ajena,2
967,calla,2
968,dará,2
969,preguntó,2
970,aceña,2
971,esparto,2
972,traer,2
973,tantos,2
974,llegaba,2
975,ayudar,2
976,queréis,2
977,bendito,2
978,vinos,2
979,pasos,2
980,personas,2
981,tomase,2
982,vestir,2
983,recibió,2
984,conocido,2
985,tomóle,2
986,parto,2
987,rebanadas,2
988,manténgaos,2
989,dieron,2
990,vives,2
991,seis,2
992,confesó,2
993,sobrino,2
994,vínose,2
995,conversación,2
996,conde,2
997,dadas,2
998,traen,2
999,encontré,2
1000,mesonera,2
1001,rompía,2
1002,mísero,2
1003,pariente,2
1004,casilla,2
1005,llamó,2
1006,cuerno,2
1007,falsario,2
1008,feneció,2
1009,viuda,2
1010,usan,2
1011,almorzado,2
1012,viese,2
1013,habéis,2
1014,determinó,2
1015,invierno,2
1016,queriendo,2
1017,abriese,2
1018,hobiera,2
1019,taberna,2
1020,púsome,2
1021,calles,2
1022,gozar,2
1023,acuérdome,2
1024,ayudaba,2
1025,verás,2
1026,pasamos,2
1027,quiere,2
1028,debían,2
1029,sentóse,2
1030,despedir,2
1031,llegamos,2
1032,preguntándome,2
1033,so,2
1034,mantenga,2
1035,olla,2
1036,conocer,2
1037,hombro,2
1038,contra,2
1039,fuego,2
1040,ladrón,2
1041,recuesta,2
1042,consideración,2
1043,moros,2
1044,adversa,2
1045,faltaba,2
1046,proveer,2
1047,silencio,2
1048,castilla,2
1049,vean,2
1050,tristeza,2
1051,presentes,2
1052,trabajosa,2
1053,bebimos,2
1054,determiné,2
1055,detrás,2
1056,pensado,2
1057,juego,2
1058,perjuicio,2
1059,puestos,2
1060,llovía,2
1061,romper,2
1062,spíritu,2
1063,-,2
1064,portales,2
1065,abajar,2
1066,pudiera,2
1067,dejan,2
1068,cargado,2
1069,pluguiera,2
1070,pesa,2
1071,ruines,2
1072,carga,2
1073,quitárselo,2
1074,lamentaba,2
1075,cuántas,2
1076,descalabrado,2
1077,tampoco,2
1078,pedí,2
1079,van,2
1080,debría,2
1081,cañizo,2
1082,atrás,2
1083,pilar,2
1084,regla,2
1085,ese,2
1086,cañas,2
1087,preguntóme,2
1088,traían,2
1089,edición,2
1090,azote,2
1091,consejo,2
1092,acabamos,2
1093,uñas,2
1094,intención,2
1095,ratonado,2
1096,tio,2
1097,pagados,2
1098,deben,2
1099,solícito,2
1100,valga,2
1101,cerró,2
1102,trato,2
1103,hacían,2
1104,colchón,2
1105,servía,2
1106,cabecera,2
1107,lana,2
1108,halle,2
1109,enviado,2
1110,ángel,2
1111,imposible,2
1112,vengan,2
1113,collar,2
1114,puede,2
1115,nosotros,2
1116,pocas,2
1117,pasados,2
1118,hartura,2
1119,entra,2
1120,seno,2
1121,entera,2
1122,principio,2
1123,trocar,2
1124,palmo,2
1125,peras,2
1126,comes,2
1127,metía,2
1128,mostréle,2
1129,subía,2
1130,cuasi,2
1131,contrario,2
1132,trote,2
1133,curas,2
1134,estados,2
1135,pareciéndome,2
1136,vive,2
1137,primera,2
1138,usé,2
1139,naturales,2
1140,libre,2
1141,echada,2
1142,topo,2
1143,defensa,2
1144,latín,2
1145,sufrir,2
1146,salieron,2
1147,suficiencia,2
1148,sentir,2
1149,uso,2
1150,consideraba,2
1151,maña,2
1152,socorrer,2
1153,alteración,2
1154,vuelven,2
1155,reír,2
1156,sartal,2
1157,convento,2
1158,pregón,2
1159,disposición,2
1160,armas,2
1161,cuarto,2
1162,dejase,2
1163,aquesta,2
1164,dejalle,2
1165,don,2
1166,sacudir,2
1167,obra,2
1168,voy,2
1169,tenéis,2
1170,risa,2
1171,desastres,2
1172,dije-,2
1173,llenas,2
1174,estuviera,2
1175,talabarte,2
1176,olé,2
1177,sabor,2
1178,buldero,2
1179,topé,2
1180,cosillas,2
1181,zapatos,2
1182,estilo,2
1183,vivienda,2
1184,vecinas,2
1185,primeros,2
1186,sabrosísimo,2
1187,persecuciones,2
1188,sogas,2
1189,caía,2
1190,dedo,2
1191,habilidad,2
1192,majestad,2
1193,resonar,2
1194,defuntos,2
1195,partido,2
1196,sentéme,2
1197,estorbasen,2
1198,coro,2
1199,puesta,2
1200,derribado,2
1201,semana,2
1202,viví,2
1203,sabroso,2
1204,hiciese,2
1205,topase,2
1206,palomar,2
1207,cayó,2
1208,vueltas,2
1209,costumbre,2
1210,quisieron,2
1211,salía,2
1212,aquélla,2
1213,tocaba,2
1214,gota,2
1215,aire,2
1216,perdonar,2
1217,recaudo,2
1218,maneras,2
1219,sintieron,2
1220,maldecía,2
1221,bajó,2
1222,veis,2
1223,visajes,2
1224,diéronme,2
1225,-decía-,2
1226,crió,2
1227,alzando,2
1228,criaturas,2
1229,levantado,2
1230,insigne,2
1231,decíame,2
1232,seáis,2
1233,partía,2
1234,castigo,2
1235,almorzar,2
1236,pasé,2
1237,beben,2
1238,anduve,2
1239,entré,2
1240,partimos,2
1241,calabazada,2
1242,divina,2
1243,diome,2
1244,golpes,2
1245,plata,2
1246,confianza,2
1247,altos,2
1248,alcaldes,2
1249,dulce,2
1250,servidor,2
1251,concejo,2
1252,subir,2
1253,ayude,2
1254,descuidado,2
1255,gozoso,2
1256,sábados,2
1257,pareció,2
1258,caído,2
1259,virtud,2
1260,cuánta,2
1261,huelgo,2
1262,jarrazo,2
1263,comen,2
1264,desdichada,2
1265,permitido,2
1266,sucedido,2
1267,baja,2
1268,cierro,2
1269,bocados,2
1270,maravedí,2
1271,hartas,2
1272,hacerle,2
1273,candado,2
1274,acababa,2
1275,salí,2
1276,yéndose,2
1277,tirase,2
1278,vientre,2
1279,procuró,2
1280,cerraba,2
1281,infinitas,2
1282,usaba,2
1283,costura,2
1284,conocía,2
1285,hija,2
1286,tornaba,2
1287,balde,2
1288,puertas,2
1289,echó,2
1290,predicar,2
1291,culebras,2
1292,claramente,2
1293,hobiese,2
1294,acaecido,2
1295,media,2
1296,tasa,2
1297,cambio,2
1298,vime,2
1299,conciencia,2
1300,pura,2
1301,maestro,2
1302,contaré,2
1303,cabe,2
1304,plato,2
1305,llena,2
1306,bebía,2
1307,hermanos,2
1308,especialmente,2
1309,sospecha,2
1310,acordé,2
1311,fueran,2
1312,fuentecilla,2
1313,pero,2
1314,delicadamente,2
1315,cera,2
1316,padecer,2
1317,fingiendo,2
1318,silbaba,2
1319,cristianos,2
1320,medicina,2
1321,arrojar,2
1322,mudó,2
1323,ganaba,2
1324,despedido,2
1325,adorar,2
1326,besos,2
1327,ningún,2
1328,cabía,2
1329,tragos,2
1330,garrotazo,2
1331,hízonos,2
1332,cien,2
1333,trajese,2
1334,llegar,2
1335,huesos,2
1336,escalón,2
1337,sermones,2
1338,mataba,2
1339,alegres,2
1340,valer,2
1341,llegué,2
1342,singular,2
1343,cumplió,2
1344,tendido,2
1345,ración,2
1346,soga,2
1347,uva,2
1348,matase,2
1349,gato,2
1350,lastimado,2
1351,cortezas,2
1352,acordó,2
1353,cebollas,2
1354,sobredicho,2
1355,barrer,2
1356,acostumbrado,2
1357,vosotros,2
1358,sentencia,2
1359,halda,2
1360,encomendó,2
1361,auxilio,2
1362,padecen,2
1363,pareciéndole,2
1364,culpado,2
1365,mires,2
1366,perdones,2
1367,preguntaba,2
1368,duro,2
1369,mandaban,2
1370,mejores,2
1371,durase,2
1372,dígote,2
1373,supo,2
1374,acabó,2
1375,vendía,2
1376,vivían,2
1377,abierta,2
1378,usar,2
1379,castigado,2
1380,comamos,2
1381,dejará,2
1382,sacarlo,2
1383,manga,2
1384,juraré,2
1385,enfermedad,2
1386,patio,2
1387,hallóse,2
1388,senos,2
1389,madera,2
1390,zaide,2
1391,aprovechar,2
1392,quita,2
1393,íbamos,2
1394,noté,2
1395,limpias,2
1396,perdidas,2
1397,servido,2
1398,criar,2
1399,reloj,2
1400,devotamente,2
1401,alcalde,2
1402,besar,2
1403,preguntaban,2
1404,junto,2
1405,reales,2
1406,declaro,2
1407,paró,2
1408,arrepentido,2
1409,segundo,2
1410,mediodía,2
1411,mismo,2
1412,hará,2
1413,postura,2
1414,pidió,2
1415,juan,2
1416,garrote,2
1417,enjuto,2
1418,llega,2
1419,mía,2
1420,mandóme,2
1421,lobo,2
1422,animal,2
1423,vivo,2
1424,habido,2
1425,estruendo,2
1426,malos,2
1427,mortuorios,2
1428,llegaron,2
1429,haya,2
1430,partir,2
1431,niños,2
1432,orden,2
1433,castigaldo,2
1434,matar,2
1435,ponerme,2
1436,santiguándose,2
1437,reían,2
1438,oían,2
1439,bendición,2
1440,mirá,2
1441,topar,2
1442,recibía,2
1443,malicia,2
1444,siete,2
1445,trampilla,2
1446,disimules,2
1447,enemigo,2
1448,acaecieron,2
1449,prometo,2
1450,fiestas,2
1451,entendimiento,2
1452,razonable,2
1453,saldría,2
1454,oído,2
1455,lleva,2
1456,deshora,2
1457,persuadido,2
1458,trujo,2
1459,quebrar,2
1460,tórnase,2
1461,vuelvo,1
1462,das,1
1463,quebremos,1
1464,estuviéremos,1
1465,desdichado,1
1466,encuentro,1
1467,recelaba,1
1468,hendí,1
1469,condes,1
1470,andas,1
1471,correr,1
1472,acordaba,1
1473,cierras,1
1474,estirado,1
1475,lecho,1
1476,darles,1
1477,arriméme,1
1478,juntóseme,1
1479,abriendo,1
1480,aldaba,1
1481,acuda,1
1482,dándoles,1
1483,merca,1
1484,acaben,1
1485,alterado,1
1486,ábrela,1
1487,tesoro,1
1488,hambrienta,1
1489,ufano,1
1490,esforzándome,1
1491,teja,1
1492,casta,1
1493,mio,1
1494,pensaste,1
1495,asaz,1
1496,torno,1
1497,acabe,1
1498,cumplimiento,1
1499,constituido,1
1500,quejándose,1
1501,escarbando,1
1502,gozo,1
1503,invocando,1
1504,desastrada,1
1505,venecia,1
1506,zozobra,1
1507,encaminando,1
1508,dejálos,1
1509,defender,1
1510,tuviste,1
1511,gastado,1
1512,abrazándome,1
1513,obscuridad,1
1514,huelgues,1
1515,difunto,1
1516,comimos,1
1517,encaminar,1
1518,emplearía,1
1519,ves,1
1520,provechosamente,1
1521,alquilado,1
1522,rio,1
1523,cargada,1
1524,luto,1
1525,ciertamente,1
1526,afligida,1
1527,furia,1
1528,also,1
1529,velle,1
1530,represa,1
1531,sufrirían,1
1532,traspuso,1
1533,angosta,1
1534,trasponer,1
1535,tornéme,1
1536,credo,1
1537,dura,1
1538,debéis,1
1539,huerta,1
1540,rebozadas,1
1541,mañanicas,1
1542,verano,1
1543,refrescar,1
1544,frescas,1
1545,derramados,1
1546,aquéstos,1
1547,faltar,1
1548,ignoran,1
1549,piense,1
1550,anoche,1
1551,cenado,1
1552,cuenten,1
1553,secretos,1
1554,hacéis,1
1555,engañara,1
1556,sospechara,1
1557,ayer,1
1558,mendrugo,1
1559,pegar,1
1560,limpieza,1
1561,lavándose,1
1562,paño,1
1563,riberas,1
1564,hidalgos,1
1565,aprendí,1
1566,vano,1
1567,tronchos,1
1568,berzas,1
1569,desayuné,1
1570,esperar,1
1571,demediase,1
1572,comiésemos,1
1573,experiencia,1
1574,dejáronle,1
1575,aquejaba,1
1576,pongo,1
1577,tórnome,1
1578,enferma,1
1579,inclinadas,1
1580,mamado,1
1581,comiendo,1
1582,instituídas,1
1583,macías,1
1584,pedirle,1
1585,diciéndoles,1
1586,dulzuras,1
1587,ovidio,1
1588,escribió,1
1589,enternecido,1
1590,vergüenza,1
1591,sintiéndose,1
1592,validas,1
1593,caliente,1
1594,calofrío,1
1595,robó,1
1596,turbarse,1
1597,plática,1
1598,excusas,1
1599,encontrara,1
1600,ponéis,1
1601,dais,1
1602,pelillo-,1
1603,osándome,1
1604,revolver,1
1605,despertalle,1
1606,levantámonos,1
1607,limpiar,1
1608,-y,1
1609,vístese,1
1610,amistad,1
1611,placer,1
1612,espacio,1
1613,echéle,1
1614,aguamanos,1
1615,peinóse,1
1616,supieses,1
1617,maldíjeme,1
1618,rabiaba,1
1619,diciendo-,1
1620,moriré,1
1621,pasemos,1
1622,podamos,1
1623,proveído,1
1624,hacerlo,1
1625,vivirás,1
1626,decíamos,1
1627,guardado,1
1628,libra,1
1629,tenella,1
1630,acostóse,1
1631,salidos,1
1632,dejaron,1
1633,rifar,1
1634,encenderse,1
1635,marco,1
1636,antonio,1
1637,acertó,1
1638,viniere,1
1639,brazo,1
1640,haz,1
1641,vasija,1
1642,hurten,1
1643,ponla,1
1644,quicio,1
1645,pueda,1
1646,ponelle,1
1647,súbese,1
1648,conociera,1
1649,cercano,1
1650,arcos,1
1651,camarero,1
1652,-quedé,1
1653,meneos,1
1654,gentiles,1
1655,sosegado,1
1656,gruesas,1
1657,cuentas,1
1658,ciñósela,1
1659,tornóla,1
1660,acero,1
1661,copo,1
1662,cercenar,1
1663,obligo,1
1664,vesla,1
1665,tentóla,1
1666,vaina,1
1667,sacóla,1
1668,prestos,1
1669,aceros,1
1670,leche,1
1671,suficiente,1
1672,comió,1
1673,mancilla,1
1674,dárselo,1
1675,besada,1
1676,suelta,1
1677,mataban,1
1678,desamar,1
1679,aquéste,1
1680,testigo,1
1681,dobleces,1
1682,pompa,1
1683,padece,1
1684,pobreza,1
1685,holgaría,1
1686,descontento,1
1687,presunción,1
1688,malaventurado,1
1689,raso,1
1690,fantasía,1
1691,mantener,1
1692,prolijidad,1
1693,papar,1
1694,contemplaba,1
1695,escapando,1
1696,mejoría,1
1697,mantuviese,1
1698,enemistad,1
1699,terciopelo,1
1700,pasase,1
1701,levantándose,1
1702,camisa,1
1703,menesteres,1
1704,desenvolvíle,1
1705,bolsilla,1
1706,abajara,1
1707,usada,1
1708,discípulo,1
1709,vello,1
1710,azotando,1
1711,espanto,1
1712,osé,1
1713,desmandarme,1
1714,demandar,1
1715,viera,1
1716,abstinencia,1
1717,ley,1
1718,moradores,1
1719,hilanderas,1
1720,algodón,1
1721,bonetes,1
1722,vecindad,1
1723,cosilla,1
1724,procesión,1
1725,ejecutando,1
1726,guardada,1
1727,satisfecha,1
1728,cornado,1
1729,birrete,1
1730,remedie,1
1731,morir,1
1732,pasando,1
1733,perseguirme,1
1734,trabajada,1
1735,azotes,1
1736,vergonzosa,1
1737,estéril,1
1738,ayuntamiento,1
1739,estranjeros,1
1740,topasen,1
1741,punido,1
1742,contentos,1
1743,sobrado,1
1744,díselo,1
1745,dalla,1
1746,hurtallo,1
1747,encomiendo,1
1748,sepan,1
1749,secreto,1
1750,pierda,1
1751,pedirme,1
1752,place,1
1753,vale,1
1754,veremos,1
1755,desdichadas,1
1756,viven,1
1757,pegan,1
1758,quede,1
1759,den,1
1760,pedillo,1
1761,haces,1
1762,pidióme,1
1763,doblada,1
1764,abundante,1
1765,ensiladas,1
1766,mangas,1
1767,volvíme,1
1768,tripería,1
1769,cocidas,1
1770,paseándose,1
1771,veniste,1
1772,entro,1
1773,tardanza,1
1774,dó,1
1775,encomendarme,1
1776,hanme,1
1777,esperado,1
1778,glotón,1
1779,callé,1
1780,merienda,1
1781,póngole,1
1782,artífice,1
1783,cocida,1
1784,sazonada,1
1785,convide,1
1786,faisán,1
1787,pruebe,1
1788,raciones,1
1789,morder,1
1790,asentóseme,1
1791,royendo,1
1792,huesecillo,1
1793,almodrote,1
1794,salsa,1
1795,sabido,1
1796,abría,1
1797,ayudarle,1
1798,hermosa,1
1799,pongas,1
1800,paseando,1
1801,vianda,1
1802,desayunase,1
1803,ayudase,1
1804,convite,1
1805,aceptaría,1
1806,temía,1
1807,convidalle,1
1808,comedirme,1
1809,servían,1
1810,faldas,1
1811,miraba,1
1812,disimuladamente,1
1813,cosideración,1
1814,podían,1
1815,deseando,1
1816,cuna,1
1817,avemarías,1
1818,salgan,1
1819,cautiverio,1
1820,aprovechan,1
1821,padres,1
1822,deudos,1
1823,purgatorio,1
1824,veréis,1
1825,menor,1
1826,criados,1
1827,contándolos,1
1828,vímonos,1
1829,aínas,1
1830,acabaran,1
1831,certifico,1
1832,acabados,1
1833,levantasen,1
1834,supiese,1
1835,paternostres,1
1836,ayudadles,1
1837,siquiera,1
1838,infierno,1
1839,fiaban,1
1840,rebeldes,1
1841,tomarla,1
1842,tocar,1
1843,campanas,1
1844,despedirse,1
1845,púsolas,1
1846,tornóse,1
1847,míos,1
1848,envía,1
1849,duela,1
1850,pía,1
1851,redención,1
1852,captivos,1
1853,renieguen,1
1854,vayan,1
1855,penas,1
1856,escribiesen,1
1857,mandasen,1
1858,recias,1
1859,despender,1
1860,saquen,1
1861,cautivos,1
1862,mancha,1
1863,topamos,1
1864,obtinados,1
1865,nuestras,1
1866,perdición,1
1867,ardideza,1
1868,dija,1
1869,autoridad,1
1870,brasero,1
1871,calentarse,1
1872,púsole,1
1873,misal,1
1874,tomóla,1
1875,pañizuelo,1
1876,envuelta,1
1877,postrera,1
1878,gómez,1
1879,pascasio,1
1880,licenciado,1
1881,salvar,1
1882,quedaban,1
1883,despedió,1
1884,patrimos,1
1885,partiésemos,1
1886,preguntado,1
1887,teniente,1
1888,cura,1
1889,regidores,1
1890,madres,1
1891,estudiado,1
1892,preguntar,1
1893,doctores,1
1894,antiguos,1
1895,villanos,1
1896,viejos,1
1897,somos,1
1898,piensan,1
1899,asunto,1
1900,predicó,1
1901,siguiente,1
1902,suplicarle,1
1903,habíades,1
1904,rogar,1
1905,señaladamente,1
1906,señalado,1
1907,volvamos,1
1908,perdonemos,1
1909,injurias,1
1910,podremos,1
1911,cumpla,1
1912,nombrar,1
1913,ofendió,1
1914,obstáculo,1
1915,vamos,1
1916,suplicalle,1
1917,suplicasen,1
1918,volverle,1
1919,juicio,1
1920,lanzar,1
1921,pausadamente,1
1922,alderredor,1
1923,delincuente,1
1924,despierta,1
1925,descuidaban,1
1926,hocicos,1
1927,transportado,1
1928,esencia,1
1929,planto,1
1930,apartalle,1
1931,contemplación,1
1932,despertaron,1
1933,suplicaron,1
1934,muriendo,1
1935,pasadas,1
1936,librarle,1
1937,veían,1
1938,clara,1
1939,culpa,1
1940,petición,1
1941,alargó,1
1942,hincaron,1
1943,comenzaban,1
1944,cantar,1
1945,amistades,1
1946,viviente,1
1947,hijas,1
1948,mozas,1
1949,divulgóse,1
1950,nueva,1
1951,comarcanos,1
1952,llegábamos,1
1953,dieran,1
1954,alderredores,1
1955,ensayo,1
1956,confieso,1
1957,creí,1
1958,llevaban,1
1959,industriado,1
1960,industrioso,1
1961,inventivo,1
1962,acaeciónos,1
1963,ánima,1
1964,perdonó,1
1965,letanía,1
1966,vengarse,1
1967,bendita,1
1968,cantado,1
1969,devota,1
1970,hazer,1
1971,predicador,1
1972,auditorio,1
1973,suplicando,1
1974,arrepentimiento,1
1975,encaminado,1
1976,arrepintiese,1
1977,confesase,1
1978,púsosela,1
1979,tornar,1
1980,echóse,1
1981,demandóle,1
1982,perdón,1
1983,mandamiento,1
1984,grada,1
1985,besaba,1
1986,viniesen,1
1987,irle,1
1988,pascuas,1
1989,bodigos,1
1990,deja,1
1991,alquilar,1
1992,domingos,1
1993,faltaron,1
1994,faltarán,1
1995,veen,1
1996,guisalle,1
1997,ahorcábamos,1
1998,sospechuela,1
1999,cenas,1
2000,esperalla,1
2001,laudes,1
2002,trae,1
2003,hacerme,1
2004,malcasado,1
2005,pague,1
2006,trigo,1
2007,acipreste,1
2008,servicial,1
2009,casé,1
2010,caí,1
2011,arrepentí,1
2012,enseñó,1
2013,industria,1
2014,ahora,1
2015,estó,1
2016,hame,1
2017,usado,1
2018,fácilmente,1
2019,tocantes,1
2020,vender,1
2021,entiende,1
2022,arcipreste,1
2023,salvador,1
2024,pregonaba,1
2025,casarme,1
2026,criada,1
2027,prometido,1
2028,cumplirá,1
2029,habló,1
2030,quedamos,1
2031,siento,1
2032,atajo,1
2033,digáis,1
2034,pese,1
2035,mercedes,1
2036,merezco,1
2037,hostia,1
2038,consagrada,1
2039,dijere,1
2040,mataré,1
2041,victorioso,1
2042,emperador,1
2043,cortes,1
2044,regocijos,1
2045,prosperidad,1
2046,cumbre,1
2047,sucediere,1
2048,conformes,1
2049,saliese,1
2050,mirar,1
2051,mentalle,1
2052,medrará,1
2053,maravillaría,1
2054,pueden,1
2055,arrimarme,1
2056,certificado,1
2057,casase,1
2058,parido,1
2059,juramentos,1
2060,hundiera,1
2061,tomóse,1
2062,maldiciones,1
2063,casado,1
2064,soltado,1
2065,dijimos,1
2066,otorgamos,1
2067,cesó,1
2068,llanto,1
2069,apañador,1
2070,pregonero,1
2071,ancianos,1
2072,callase,1
2073,trueque,1
2074,negociado,1
2075,susodicho,1
2076,ampollas,1
2077,ponello,1
2078,cobro,1
2079,púsose,1
2080,haciéndome,1
2081,cumplía,1
2082,delitos,1
2083,echallo,1
2084,comunicar,1
2085,descubriese,1
2086,cayóme,1
2087,burladores,1
2088,sexto,1
2089,pintar,1
2090,panderos,1
2091,podrá,1
2092,antigua,1
2093,engastonar,1
2094,tomaron,1
2095,usa,1
2096,abrasó,1
2097,rostros,1
2098,quitó,1
2099,afuera,1
2100,quedo,1
2101,vido,1
2102,rostriquemados,1
2103,subióse,1
2104,maravillosas,1
2105,llevada,1
2106,obispado,1
2107,ardía,1
2108,prisa,1
2109,escribanos,1
2110,sacristanes,1
2111,escribir,1
2112,molelle,1
2113,colores,1
2114,sufrí,1
2115,pedradas,1
2116,retraídos,1
2117,esperó,1
2118,trataron,1
2119,renegué,1
2120,modo,1
2121,ganar,1
2122,vejez,1
2123,alumbrarme,1
2124,provechosa,1
2125,procuré,1
2126,medre,1
2127,resido,1
2128,pregonar,1
2129,venden,1
2130,almonedas,1
2131,acompañar,1
2132,declarar,1
2133,palos,1
2134,corrieron,1
2135,cántaros,1
2136,peligroso,1
2137,cibdad,1
2138,subí,1
2139,medida,1
2140,ganados,1
2141,fueme,1
2142,ahorré,1
2143,honradamente,1
2144,compré,1
2145,fustán,1
2146,raído,1
2147,tranzada,1
2148,frisada,1
2149,primeras,1
2150,cuéllar,1
2151,seguir,1
2152,séptimo,1
2153,parecerme,1
2154,coces,1
2155,falsa,1
2156,estada,1
2157,pide,1
2158,parecen,1
2159,virtuosos,1
2160,aborrecen,1
2161,necios,1
2162,descuidar,1
2163,astutos,1
2164,usaría,1
2165,valerosa,1
2166,alquiler,1
2167,preguntan,1
2168,alcanzara,1
2169,trece,1
2170,respuesta,1
2171,volviese,1
2172,salida,1
2173,vuelta,1
2174,volvieron,1
2175,contéles,1
2176,palacio,1
2177,calidad,1
2178,galas,1
2179,contárselas,1
2180,pesase,1
2181,cumpliese,1
2182,oyese,1
2183,pareciese,1
2184,riñese,1
2185,puntillos,1
2186,agudos,1
2187,encender,1
2188,ira,1
2189,pareciesen,1
2190,malicioso,1
2191,mofador,1
2192,malsinar,1
2193,pesquisar,1
2194,procurar,1
2195,vidas,1
2196,ajenas,1
2197,acreedores,1
2198,estotra,1
2199,mula,1
2200,-dijeron,1
2201,mansamente,1
2202,trabado,1
2203,mostrase,1
2204,vía-,1
2205,prometíle,1
2206,escrebir,1
2207,entregar,1
2208,preguntaron,1
2209,riéronse,1
2210,responden,1
2211,bastante,1
2212,cobrar,1
2213,merecedes,1
2214,pecadorcico,1
2215,damos,1
2216,podemos,1
2217,inocencia,1
2218,dejáronme,1
2219,-porque,1
2220,hubiese,1
2221,descubres,1
2222,echóme,1
2223,préguntaron,1
2224,oyeron,1
2225,helos,1
2226,toman,1
2227,llámanme,1
2228,abren,1
2229,entran,1
2230,embargar,1
2231,anduvieron,1
2232,halláronla,1
2233,desembarazada,1
2234,dícenme,1
2235,arcas,1
2236,paños,1
2237,alhajas,1
2238,alzado,1
2239,prended,1
2240,costumbres,1
2241,reílle,1
2242,maravillas,1
2243,bésoos,1
2244,topaba,1
2245,villano,1
2246,quienquiera,1
2247,acullá,1
2248,saludar,1
2249,enhoramala,1
2250,arte,1
2251,beso,1
2252,habla,1
2253,agradalle,1
2254,atestaba,1
2255,mantenimiento,1
2256,sufriría,1
2257,sufriré,1
2258,diga,1
2259,mantenerte,1
2260,sufres,1
2261,ruegue,1
2262,ponerle,1
2263,oficial,1
2264,deshonré,1
2265,descuide,1
2266,estranjero,1
2267,razonablemente,1
2268,contóme,1
2269,errábades,1
2270,comedirse,1
2271,ganarme,1
2272,paréceme,1
2273,mirara,1
2274,mayores,1
2275,sientes,1
2276,caudal,1
2277,vees,1
2278,vótote,1
2279,quitado,1
2280,atravesar,1
2281,llegue,1
2282,hidalgo,1
2283,labradas,1
2284,leguas,1
2285,nací,1
2286,pagamentos,1
2287,plazos,1
2288,reformar,1
2289,satisfaceros,1
2290,vuestros,1
2291,sudores,1
2292,librados,1
2293,recámara,1
2294,sudado,1
2295,raída,1
2296,asienta,1
2297,título,1
2298,pasa,1
2299,contestar,1
2300,privado,1
2301,servicios,1
2302,sabría,1
2303,mentille,1
2304,largos,1
2305,andá,1
2306,costanilla,1
2307,malilla,1
2308,valladolid,1
2309,valdrían,1
2310,doscientas,1
2311,podrían,1
2312,daría,1
2313,doscientos,1
2314,palominos,1
2315,callo,1
2316,dejé,1
2317,hallaría,1
2318,canónigos,1
2319,limitada,1
2320,sacaran,1
2321,caballeros,1
2322,talla,1
2323,ruegan,1
2324,convertir,1
2325,piden,1
2326,derechos,1
2327,contienda,1
2328,haciendas,1
2329,cuerdamente,1
2330,oídme,1
2331,oiréis,1
2332,quisiéredes,1
2333,echacuervo,1
2334,engañó,1
2335,favoreciese,1
2336,partiríamos,1
2337,creáis,1
2338,desembarazar,1
2339,toméis,1
2340,directe,1
2341,indirecte,1
2342,vara,1
2343,fuere,1
2344,desengaño,1
2345,razonamiento,1
2346,honrados,1
2347,pausada,1
2348,alta,1
2349,quedasen,1
2350,animar,1
2351,ladrones,1
2352,afrentarse,1
2353,decíanse,1
2354,injuriosas,1
2355,predicaba,1
2356,ponellos,1
2357,enojado,1
2358,hubieron,1
2359,perdiese,1
2360,echamos,1
2361,tañer,1
2362,juntó,1
2363,murmurando,1
2364,riñendo,1
2365,descubierto,1
2366,tomalla,1
2367,aborrecieron,1
2368,levantar,1
2369,escándalo,1
2370,excomunión,1
2371,conocida,1
2372,bramar,1
2373,espumajos,1
2374,torcella,1
2375,revolviéndose,1
2376,espantados,1
2377,temerosos,1
2378,socorra,1
2379,emplea,1
2380,levantaba,1
2381,falso,1
2382,testimonio,1
2383,trabaron,1
2384,brazos,1
2385,fuertes,1
2386,puñadas,1
2387,tiraban,1
2388,reciamente,1
2389,cae,1
2390,privar,1
2391,dejasen,1
2392,parezcamos,1
2393,calló,1
2394,dijese,1
2395,basta,1
2396,hincó,1
2397,escondida,1
2398,manifiestas,1
2399,injustamente,1
2400,afrentado,1
2401,perdono,1
2402,injuria,1
2403,pido,1
2404,crédito,1
2405,prójimo,1
2406,muestra,1
2407,traigo,1
2408,hunda,1
2409,meta,1
2410,cargase,1
2411,procurándose,1
2412,alegaron,1
2413,presentar,1
2414,duraron,1
2415,durar,1
2416,desenvuelto,1
2417,desvengonzado,1
2418,echador,1
2419,modos,1
2420,sotiles,1
2421,invenciones,1
2422,presentaba,1
2423,enojados,1
2424,valor,1
2425,substancia,1
2426,lechuga,1
2427,murciana,1
2428,limas,1
2429,naranjas,1
2430,melocotón,1
2431,duraznos,1
2432,rompí,1
2433,visitar,1
2434,seglares,1
2435,amicísimo,1
2436,obligados,1
2437,pagar,1
2438,embargo,1
2439,importaba,1
2440,porquerón,1
2441,pagara,1
2442,empleaba,1
2443,reposar,1
2444,descansar,1
2445,alquilando,1
2446,acabé,1
2447,señalándose,1
2448,revés,1
2449,dejados,1
2450,huyese,1
2451,encaminaron,1
2452,llamaban,1
2453,sendas,1
2454,verdiniales,1
2455,procuraba,1
2456,mañosos,1
2457,veía,1
2458,diré,1
2459,donoso,1
2460,probaré,1
2461,sagra,1
2462,predicado,1
2463,acostumbradas,1
2464,convidar,1
2465,pusiéronse,1
2466,jugar,1
2467,colación,1
2468,lanzón,1
2469,jugaban,1
2470,aguacil,1
2471,cinta,1
2472,acuden,1
2473,métense,1
2474,artificios,1
2475,molestias,1
2476,tenerlos,1
2477,tomasen,1
2478,propicios,1
2479,favoreciesen,1
2480,llamasen,1
2481,feligreses,1
2482,ofreciéndosele,1
2483,informábase,1
2484,entendían,1
2485,tropezón,1
2486,aprovechábase,1
2487,cortado,1
2488,desenvoltísima,1
2489,reverendos,1
2490,reverendas,1
2491,ordena,1
2492,hacíase,1
2493,tomás,1
2494,horas,1
2495,capean,1
2496,montero,1
2497,andan,1
2498,cestos,1
2499,venimos,1
2500,acogida,1
2501,deteníamonos,1
2502,hacíamos,1
2503,almorox,1
2504,cogían,1
2505,vendimiador,1
2506,maltratados,1
2507,refrán,1
2508,madura,1
2509,desgranábasele,1
2510,echarlo,1
2511,tornábase,1
2512,mosto,1
2513,banquete,1
2514,contentarme,1
2515,desnudo,1
2516,arrimábase,1
2517,adrede,1
2518,juraba,1
2519,lodo,1
2520,holgábame,1
2521,atentaba,1
2522,colodrillo,1
2523,lleno,1
2524,tolondrones,1
2525,pelado,1
2526,creía,1
2527,limosnera,1
2528,grandísimo,1
2529,vea,1
2530,estendía,1
2531,entender,1
2532,astucia,1
2533,motivo,1
2534,rica,1
2535,rodillazos,1
2536,sentámonos,1
2537,valladar,1
2538,llevas,1
2539,zapatero,1
2540,tocó,1
2541,anda,1
2542,salgamos,1
2543,ahoga,1
2544,comerlo,1
2545,cinchas,1
2546,sabrás,1
2547,contigo,1
2548,cuernos,1
2549,ataban,1
2550,recueros,1
2551,tentando,1
2552,emparedada,1
2553,asió,1
2554,sospiro,1
2555,soportales,1
2556,callabas,1
2557,comiste,1
2558,sagacísimo,1
2559,liberalidad,1
2560,partillo,1
2561,picarás,1
2562,prometas,1
2563,haré,1
2564,acabemos,1
2565,engaño,1
2566,concierto,1
2567,lance,1
2568,quebraba,1
2569,contenté,1
2570,escobajo,1
2571,meneando,1
2572,engañado,1
2573,sospecháis,1
2574,piedras,1
2575,caminos,1
2576,asa,1
2577,recibiendo,1
2578,diréis,1
2579,quitáis,1
2580,halló,1
2581,fuente,1
2582,disimuló,1
2583,rezumando,1
2584,aparejado,1
2585,dulces,1
2586,espantábase,1
2587,cerrados,1
2588,gustar,1
2589,licor,1
2590,desesperado,1
2591,amargo,1
2592,ayudándose,1
2593,guardaba,1
2594,sabiendo,1
2595,pobreto,1
2596,peores,1
2597,tortilla,1
2598,centeno,1
2599,metiéndola,1
2600,chupando,1
2601,asentaba,1
2602,atapábale,1
2603,valía,1
2604,delgada,1
2605,taparlo,1
2606,perdía,1
2607,entrábame,1
2608,calentarme,1
2609,pobrecilla,1
2610,teníamos,1
2611,derretida,1
2612,comenzaba,1
2613,destillarme,1
2614,verdaderamente,1
2615,fué,1
2616,golpecillo,1
2617,pensaréis,1
2618,perdonalle,1
2619,maltratamiento,1
2620,hería,1
2621,coxcorrones,1
2622,repelándome,1
2623,trataba,1
2624,cuento,1
2625,oíd,1
2626,desatinó,1
2627,ensayara,1
2628,hazaña,1
2629,muchacho,1
2630,ruindad,1
2631,artificio,1
2632,decíanle,1
2633,habréis,1
2634,asentar,1
2635,hacello,1
2636,ahorrar,1
2637,ahorraría,1
2638,metieron,1
2639,rompiéndomela,1
2640,quebró,1
2641,quedé,1
2642,regalaba,1
2643,curaba,1
2644,holgado,1
2645,lavóme,1
2646,roturas,1
2647,sonriéndose,1
2648,enfermó,1
2649,sana,1
2650,trepa,1
2651,cardenales,1
2652,tales,1
2653,hechura,1
2654,deseado,1
2655,tenerte,1
2656,malvado,1
2657,cobardía,1
2658,flojedad,1
2659,narices,1
2660,meitad,1
2661,andado,1
2662,apretar,1
2663,quedaran,1
2664,retuviera,1
2665,hazañas,1
2666,retuvo,1
2667,pareciendo,1
2668,negar,1
2669,demanda,1
2670,hiciéronnos,1
2671,laváronme,1
2672,discantaba,1
2673,sinjusticia,1
2674,recontaba,1
2675,cena,1
2676,cabellos,1
2677,sepultado,1
2678,coraje,1
2679,perverso,1
2680,acudieran,1
2681,dejara,1
2682,sacáronme,1
2683,dejándoselas,1
2684,arañada,1
2685,donaire,1
2686,rascuñado,1
2687,pescuezo,1
2688,merecía,1
2689,allegaban,1
2690,dábales,1
2691,entraba,1
2692,fiesta,1
2693,gasta,1
2694,lavatorios,1
2695,engendró,1
2696,travesemos,1
2697,llover,1
2698,cesaba,1
2699,dijóme,1
2700,porfiada,1
2701,recia,1
2702,acojámonos,1
2703,ancho,1
2704,aína,1
2705,harpado,1
2706,mojar,1
2707,estrecha,1
2708,saltando,1
2709,pasaremos,1
2710,parecióle,1
2711,discreto,1
2712,llévame,1
2713,mojamos,1
2714,rezando,1
2715,llovido,1
2716,afirmélo,1
2717,sanaba,1
2718,bienaventurado,1
2719,serás,1
2720,lavaban,1
2721,renegaba,1
2722,pronóstico,1
2723,mentiroso,1
2724,profecía,1
2725,sinsabores,1
2726,pagué,1
2727,salirme,1
2728,verdadero,1
2729,oirá,1
2730,burlaba,1
2731,postrer,1
2732,malmaxcada,1
2733,hurto,1
2734,trompa,1
2735,solos,1
2736,dióme,1
2737,asase,1
2738,pringado,1
2739,comídose,1
2740,pringadas,1
2741,larguillo,1
2742,ruinoso,1
2743,apetito,1
2744,deméritos,1
2745,goloso,1
2746,habiéndome,1
2747,olor,1
2748,suceder,1
2749,pospuesto,1
2750,metí,1
2751,asar,1
2752,duque,1
2753,acabar,1
2754,despidiente,1
2755,notar,1
2756,comeré,1
2757,-dije-,1
2758,verlo,1
2759,pluguiere,1
2760,llegáramos,1
2761,sucedía,1
2762,mesoneras,1
2763,bodegoneras,1
2764,turroneras,1
2765,rameras,1
2766,semejantes,1
2767,reíme,1
2768,discreta,1
2769,prolijo,1
2770,graciosas,1
2771,cocido,1
2772,escapado,1
2773,sacase,1
2774,brevedad,1
2775,abríame,1
2776,desatentadamente,1
2777,luenga,1
2778,afilada,1
2779,augmentado,1
2780,pico,1
2781,gulilla,1
2782,destiento,1
2783,tardé,1
2784,cumplidísima,1
2785,ahogándome,1
2786,juntaron,1
2787,golosina,1
2788,manifestase,1
2789,devuelto,1
2790,dueño,1
2791,asiéndome,1
2792,agonía,1
2793,satisfacerse,1
2794,podenco,1
2795,despachar,1
2796,apretado,1
2797,tentado,1
2798,mordiese,1
2799,alteróse,1
2800,échar,1
2801,vengo,1
2802,burlar,1
2803,jurar,1
2804,perjurar,1
2805,aprovechó,1
2806,astucias,1
2807,escondía,1
2808,asióme,1
2809,olerme,1
2810,imán,1
2811,desamparaba,1
2812,mojados,1
2813,desterrado,1
2814,padeció,1
2815,gloria,1
2816,evangelio,1
2817,llama,1
2818,bienaventurados,1
2819,cierta,1
2820,armada,1
2821,acemilero,1
2822,moler,1
2823,leal,1
2824,abrigo,1
2825,arrimarse,1
2826,alquiló,1
2827,metióse,1
2828,guisar,1
2829,estudiantes,1
2830,negó,1
2831,costales,1
2832,contraria,1
2833,nacimiento,1
2834,puerto,1
2835,cuyo,1
2836,gonzález,1
2837,antona,1
2838,pérez,1
2839,tejares,1
2840,aldea,1
2841,sobrenombre,1
2842,sangrías,1
2843,molienda,1
2844,ribera,1
2845,molinero,1
2846,preñada,1
2847,parióme,1
2848,nacido,1
2849,achacaron,1
2850,lavaba,1
2851,magdalena,1
2852,frecuentando,1
2853,llamaba,1
2854,huía,1
2855,señalando,1
2856,coco,1
2857,riendo,1
2858,hideputa,1
2859,huyen,1
2860,mesmos,1
2861,oídos,1
2862,caballerizas,1
2863,mayordomo,1
2864,pesquisa,1
2865,cebada,1
2866,hurtaba,1
2867,salvados,1
2868,leña,1
2869,almohazas,1
2870,blancos,1
2871,trebejando,1
2872,calentar,1
2873,brincaba,1
2874,moreno,1
2875,curaban,1
2876,achaque,1
2877,comprar,1
2878,huevos,1
2879,entrábase,1
2880,pesábame,1
2881,habíale,1
2882,mejoraba,1
2883,fuile,1
2884,leños,1
2885,calentábamos,1
2886,continuando,1
2887,negrito,1
2888,bonito,1
2889,remando,1
2890,siéndoles,1
2891,reservar,1
2892,tenidas,1
2893,ahondaren,1
2894,deleite,1
2895,plinio,1
2896,libro,1
2897,gustos,1
2898,pierde,1
2899,vemos,1
2900,detestable,1
2901,lea,1
2902,comunicase,1
2903,pudiendo,1
2904,fruto,1
2905,escribirían,1
2906,recompensados,1
2907,lean,1
2908,alaben,1
2909,agrade,1
2910,olvido,1
2911,parcial,1
2912,desconocido,1
2913,as,1
2914,or,1
2915,picaresque,1
2916,of,1
2917,unknown,1
2918,authorship,1
2919,autor,1
2920,burgos,1
2921,entierren,1
2922,interpolaciones,1
2923,alcalá,1
2924,cursiva,1
2925,prólogo,1
2926,señaladas,1
2927,oídas,1
2928,vistas,1
2929,tulio,1
2930,cría,1
2931,piensa,1
2932,rico,1
2933,escribo,1
2934,pesará,1
2935,hayan,1
2936,huelguen,1
2937,hallaren,1
2938,peligros,1
2939,reciba,1
2940,conformaran,1
2941,soldado,1
2942,escribe,1
2943,escriba,1
2944,relate,1
2945,tomalle,1
2946,consideren,1
2947,heredaron,1
2948,nobles,1
2949,grosero,1
2950,nonada,1
2951,confesando,1
2952,lanzas,1
2953,escala,1
2954,aborrecido,1
2955,alabanza,1
2956,ponerse,1
2957,presentado,1
2958,desea,1
2959,ánimas,1
2960,pregunten,1
2961,maravillosamente,1
2962,justó,1
2963,ruinmente,1
2964,fulano,1
2965,sayete,1
2966,truhán,1
2967,loaba,1
2968,mandiles,1
2969,mantas,1
2970,sábanas,1
2971,demediaba,1
2972,yerba,1
2973,raíz,1
2974,andábase,1
2975,creían,1
2976,provechos,1
2977,ciegos,1
2978,adquiría,1
2979,sotileza,1
2980,hareís,1
2981,supiera,1
2982,finara,1
2983,aviso,1
2984,contaminaba,1
2985,endiabladas,1
2986,lienzo,1
2987,argolla,1
2988,cosed,1
2989,haced,1
2990,desherraba,1
2991,efectos,1
2992,reposado,1
2993,sonable,1
2994,rostro,1
2995,humilde,1
2996,gestos,1
2997,formas,1
2998,diversos,1
2999,parían,1
3000,desmayos,1
3001,malcasadas,1
3002,maridos,1
3003,quisiesen,1
3004,pronósticos,1
3005,preñadas,1
3006,galeno,1
3007,muela,1
3008,hierro,1
3009,sacallas,1
3010,vigilancia,1
3011,mandado,1
3012,aniquilada,1
3013,precio,1
3014,quejábaseme,1
3015,estás,1
3016,dan,1
3017,pagaban,1
3018,abreviaba,1
3019,mandaba,1
3020,contadero,1
3021,capuz,1
3022,mandan,1
3023,jarrillo,1
3024,asía,1
3025,callados,1
3026,tornábale,1
3027,turóme,1
3028,aparejada,1
3029,lanzada,1
3030,amagado,1
3031,carecía,1
3032,bastaba,1
3033,migaja,1
3034,despachada,1
3035,descuidaba,1
3036,entendiendo,1
3037,descosía,1
3038,coser,1
3039,sangraba,1
3040,sacando,1
3041,torreznos,1
3042,rehacer,1
3043,chaza,1
3044,endiablada,1
3045,sisar,1
3046,hurtar,1
3047,tono,1
3048,ciento,1
3049,águila,1
3050,candelas,1
3051,acogiese,1
3052,caldero,1
3053,esforzó,1
3054,quitarse,1
3055,solana,1
3056,padeciendo,1
3057,importunidades,1
3058,posar,1
3059,hubimos,1
3060,adestralle,1
3061,diciéndole,1
3062,ensalzar,1
3063,gelves,1
3064,confiaba,1
3065,tratase,1
3066,huérfano,1
3067,centenario,1
3068,pusieron,1
3069,pringaron,1
3070,azotaron,1
3071,acudía,1
3072,maravillemos,1
3073,hurta,1
3074,devotas,1
3075,esclavo,1
3076,animaba,1
3077,probósele,1
3078,amenazas,1
3079,respondía,1
3080,descubría,1
3081,herraduras,1
3082,pormandado,1
3083,herrero,1
3084,vendí,1
3085,padrastro,1
3086,adestrar,1
3087,veré,1
3088,sagaz,1
3089,adestró,1
3090,avivar,1
3091,avisar,1
3092,jerigonza,1
3093,holgábase,1
3094,avisos,1
3095,mostraré,1
3096,alumbró,1
3097,carrera,1
3098,procura,1
3099,niñerías,1
3100,mostrar,1
3101,bajos,1
3102,dejarse,1
3103,bajar,1
3104,vicio,1
3105,formó,1
3106,cumple,1
3107,simpleza,1
3108,desperté,1
3109,instante,1
3110,guíe,1
3111,válete,1
3112,esperándome,1
3113,puente,1
3114,llegase,1
3115,oirás,1
3116,simplemente,1
3117,creyendo,1
3118,afirmó,1
3119,duró,1
3120,dolor,1
3121,cornada,1
3122,necio,1
3123,aprende,1
3124,rió,1
3125,ensangosta,1
3126,saquéle,1
3127,trecho,1
3128,brujo,1
3129,daños,1
3130,trasgo,1
3131,metella,1
3132,dejando,1
3133,remiendo,1
3134,menudo,1
3135,recelo,1
3136,hados,1
3137,mientra,1
3138,resoplo,1
3139,hueco,1
3140,cañuto,1
3141,sobresaltado,1
3142,silbo,1
3143,sonido,1
3144,quietud,1
3145,saltos,1
3146,levantarse,1
3147,garrotazos,1
3148,mordellas,1
3149,despertaba,1
3150,êbase,1
3151,trastornábalas,1
3152,envolvía,1
3153,acaecía,1
3154,animales,1
3155,cunas,1
3156,hacerles,1
3157,roer,1
3158,peligrar,1
3159,sentiste,1
3160,frías,1
3161,buscan,1
3162,muerda,1
3163,elevado,1
3164,culebro,1
3165,levantando,1
3166,palo,1
3167,tenerla,1
3168,siguientes,1
3169,probó,1
3170,maleficio,1
3171,cazador,1
3172,guerra,1
3173,comían,1
3174,hallado,1
3175,sucedió,1
3176,daré,1
3177,darle,1
3178,ballena,1
3179,emplastada,1
3180,aceites,1
3181,ungüentos,1
3182,sacerdote,1
3183,destruían,1
3184,cazado,1
3185,proballa,1
3186,diferenciaba,1
3187,guardas,1
3188,sacándomela,1
3189,descargó,1
3190,sentimiento,1
3191,fiero,1
3192,llegado,1
3193,llamándome,1
3194,recordarme,1
3195,tocase,1
3196,tentó,1
3197,sangre,1
3198,conoció,1
3199,hallóme,1
3200,quejando,1
3201,desamparé,1
3202,matador,1
3203,miróla,1
3204,espantar,1
3205,pecadora,1
3206,aprovecharme,1
3207,privilegiada,1
3208,echábalo,1
3209,cuidados,1
3210,francia,1
3211,diablos,1
3212,diremos,1
3213,reino,1
3214,justamente,1
3215,morar,1
3216,volví,1
3217,torna,1
3218,atapárselos,1
3219,reposo,1
3220,tapaba,1
3221,destapaba,1
3222,parecíamos,1
3223,destajo,1
3224,reposé,1
3225,consolado,1
3226,cabacera,1
3227,acometí,1
3228,roncar,1
3229,resoplidos,1
3230,levantéme,1
3231,quedito,1
3232,habiendo,1
3233,voyme,1
3234,mirado,1
3235,barreno,1
3236,escrito,1
3237,antiquísima,1
3238,blanda,1
3239,carcomida,1
3240,rindió,1
3241,consintió,1
3242,llagada,1
3243,deyuso,1
3244,tela,1
3245,penélope,1
3246,tejía,1
3247,cebo,1
3248,armado,1
3249,salsas,1
3250,perdonaba,1
3251,ratonar,1
3252,dábase,1
3253,caída,1
3254,díjole,1
3255,coja,1
3256,ca,1
3257,cuadró,1
3258,alteró,1
3259,suelto,1
3260,cualquier,1
3261,gusano,1
3262,sonase,1
3263,roía,1
3264,contino,1
3265,prestada,1
3266,buscó,1
3267,malditos,1
3268,pusimos,1
3269,despensa,1
3270,propiamente,1
3271,corazas,1
3272,llamara,1
3273,clavazón,1
3274,tachuelas,1
3275,flaca,1
3276,defienda,1
3277,andamos,1
3278,guarda,1
3279,faltando,1
3280,pondrá,1
3281,armaré,1
3282,ratopes,1
3283,sospeché,1
3284,ensalmaba,1
3285,comiénzanme,1
3286,aquestos,1
3287,fasta,1
3288,ésa,1
3289,querré,1
3290,hartar,1
3291,puercos,1
3292,regladamente,1
3293,entendido,1
3294,hallan,1
3295,iguales,1
3296,lleguéme,1
3297,tomóme,1
3298,hubiste,1
3299,amasado,1
3300,pone,1
3301,asco,1
3302,llevándolo,1
3303,loado,1
3304,alabar,1
3305,trapos,1
3306,crea,1
3307,banco,1
3308,marras,1
3309,encantada,1
3310,hágote,1
3311,pásate,1
3312,pudieres,1
3313,cenaremos,1
3314,serme,1
3315,podré,1
3316,representaron,1
3317,toparía,1
3318,lloré,1
3319,cercana,1
3320,venidera,1
3321,disimulando,1
3322,fatigo,1
3323,fieros,1
3324,coxqueaba,1
3325,dime,1
3326,enjalma,1
3327,tendida,1
3328,continuada,1
3329,lavarse,1
3330,harta,1
3331,tendimos,1
3332,ablandalle,1
3333,blando,1
3334,señalaban,1
3335,comediría,1
3336,parecían,1
3337,proprio,1
3338,entrecuesto,1
3339,flaquísimo,1
3340,puerco,1
3341,hambriento,1
3342,jaez,1
3343,bancos,1
3344,hecimos,1
3345,sepas,1
3346,hacemos,1
3347,ayudarme,1
3348,quedase,1
3349,migajas,1
3350,menudas,1
3351,pechos,1
3352,camareta,1
3353,desbocado,1
3354,bebido,1
3355,convidóme,1
3356,puedes,1
3357,bebí,1
3358,sed,1
3359,congoja,1
3360,metióme,1
3361,párate,1
3362,tajo,1
3363,silleta,1
3364,viva,1
3365,andando,1
3366,herida,1
3367,bellaco,1
3368,gallofero,1
3369,sirvas,1
3370,hallará,1
3371,ése,1
3372,criase,1
3373,discurriendo,1
3374,seguíle,1
3375,topóme,1
3376,vestido,1
3377,peinado,1
3378,compás,1
3379,miróme,1
3380,buscas,1
3381,vente,1
3382,fuerzas,1
3383,forzado,1
3384,endemoniado,1
3385,compañía,1
3386,curar,1
3387,hallaron,1
3388,holgáronse,1
3389,tornado,1
3390,placerá,1
3391,tornaron,1
3392,cuitas,1
3393,reírlas,1
3394,llorarlas,1
3395,transido,1
3396,pudieron,1
3397,levanté,1
3398,sacóme,1
3399,tuyo,1
3400,vete,1
3401,rezaste,1
3402,llevóme,1
3403,cerrada,1
3404,doblamos,1
3405,entramos,1
3406,entraban,1
3407,razonables,1
3408,cámaras,1
3409,entrados,1
3410,preguntando,1
3411,sacudimos,1
3412,limpiamente,1
3413,pasábamos,1
3414,soplando,1
3415,mandar,1
3416,escudillar,1
3417,satisfice,1
3418,mentir,1
3419,callando,1
3420,aliento,1
3421,abrió,1
3422,izquierdo,1
3423,derribando,1
3424,estaría,1
3425,plazas,1
3426,provisiones,1
3427,cargar,1
3428,propria,1
3429,vee,1
3430,querrá,1
3431,compremos,1
3432,anduvimos,1
3433,once,1
3434,oficios,1
3435,divinos,1
3436,ida,1
3437,ocupado,1
3438,consideré,1
3439,proveía,1
3440,mostraba,1
3441,pensamiento,1
3442,llevélo,1
3443,azogue,1
3444,preciado,1
3445,aguda,1
3446,ofertorio,1
3447,concha,1
3448,registrada,1
3449,bailábanle,1
3450,caxco,1
3451,ofrecían,1
3452,cegalle,1
3453,ofrecer,1
3454,concheta,1
3455,asirle,1
3456,veví,1
3457,morí,1
3458,traje,1
3459,ofrenda,1
3460,faltalle,1
3461,podia,1
3462,caldo,1
3463,sesos,1
3464,cómense,1
3465,cabezas,1
3466,carnero,1
3467,enviábame,1
3468,costaba,1
3469,cocía,1
3470,cogote,1
3471,quijadas,1
3472,dalle,1
3473,dábame,1
3474,roídos,1
3475,dábamelos,1
3476,triunfa,1
3477,papa,1
3478,semanas,1
3479,remediaran,1
3480,metido,1
3481,compasaba,1
3482,turaba,1
3483,fallecieron,1
3484,echase,1
3485,llevase,1
3486,aqueste,1
3487,escapaba,1
3488,bendiciones,1
3489,dichas,1
3490,solas,1
3491,éstas,1
3492,ocultar,1
3493,maté,1
3494,murieron,1
3495,rabiosa,1
3496,continua,1
3497,matarlos,1
3498,enterrábamos,1
3499,vivía,1
3500,oracion,1
3501,postrero,1
3502,unción,1
3503,extrema,1
3504,mezquindad,1
3505,sacerdotes,1
3506,templados,1
3507,desmando,1
3508,mentía,1
3509,falsamente,1
3510,cofradías,1
3511,rezamos,1
3512,saludador,1
3513,naturaleza,1
3514,humana,1
3515,hartaban,1
3516,dábamos,1
3517,sacramento,1
3518,enfermos,1
3519,demediara,1
3520,ordinario,1
3521,desvelado,1
3522,olistes,1
3523,arremete,1
3524,tomando,1
3525,corrida,1
3526,sonó,1
3527,diera,1
3528,calabaza,1
3529,hendida,1
3530,dejéle,1
3531,abalanza,1
3532,torrijos,1
3533,curé,1
3534,maqueda,1
3535,toparon,1
3536,escapé,1
3537,trueno,1
3538,relámpago,1
3539,cabrón,1
3540,deis,1
3541,consigo,1
3542,creyóse,1
3543,cargaban,1
3544,saledizos,1
3545,dígole,1
3546,angosto,1
3547,mojaba,1
3548,llevábamos,1
3549,cegó,1
3550,ponme,1
3551,podáis,1
3552,salta,1
3553,puse,1
3554,enfrente,1
3555,póngome,1
3556,espera,1
3557,tope,1
3558,saltá,1
3559,alejandro,1
3560,magno,1
3561,mesma,1
3562,estuvieran,1
3563,horca,1
3564,falsopecto,1
3565,continencia,1
3566,desataba,1
3567,vuélvela,1
3568,hagáis,1
3569,golosinar,1
3570,conservas,1
3571,avaricia,1
3572,valencia,1
3573,colgadas,1
3574,clavo,1
3575,desmandara,1
3576,costara,1
3577,caro,1
3578,finaba,1
3579,consolara,1
3580,aprovechara,1
3581,sobran,1
3582,canastillo,1
3583,encerrada,1
3584,cosecha,1
3585,anexado,1
3586,clerecía,1
3587,cerrado,1
3588,atada,1
3589,agujeta,1
3590,paletoque,1
3591,lanzado,1
3592,tornada,1
3593,tocino,1
3594,colgado,1
3595,humero,1
3596,tabla,1
3597,armario,1
3598,vezado,1
3599,cuotidiana,1
3600,irme,1
3601,pusímonos,1
3602,viole,1
3603,sospechaba,1
3604,entrado,1
3605,llamóme,1
3606,híceme,1
3607,maravillado,1
3608,preguntándole,1
3609,cupo,1
3610,propio,1
3611,rayó,1
3612,cómete,1
3613,limpia,1
3614,añadiendo,1
3615,empezaba,1
3616,sobresalto,1
3617,verle,1
3618,contrahecho,1
3619,consolé,1
3620,atrever,1
3621,roto,1
3622,creciese,1
3623,abrir,1
3624,contemplar,1
3625,socorre,1
3626,afligidos,1
3627,estrecho,1
3628,arquetón,1
3629,pequeños,1
3630,gragea,1
3631,puédese,1
3632,entero,1
3633,sufre,1
3634,desmigajar,1
3635,costosos,1
3636,manteles,1
3637,desmigajé,1
3638,quitando,1
3639,clavó,1
3640,entonces-,1
3641,esgremidor,1
3642,moxquito,1
3643,desaprovechada,1
3644,esperanza,1
3645,comenzados,1
3646,ratonados,1
3647,tocándolos,1
3648,ligeramente,1
3649,diestro,1
3650,miseria,1
3651,maestra,1
3652,ternía,1
3653,sustentar,1
3654,negros,1
3655,remedios,1
3656,luz,1
3657,avisa,1
3658,pudiese,1
3659,medra,1
3660,mudar,1
3661,conviéneos,1
3662,estamos,1
3663,nacidos,1
3664,turan,1
3665,placeres,1
3666,heme,1
3667,despertando,1
3668,poniéndole,1
3669,míseros,1
3670,carecen,1
3671,cerrando,1
3672,cierrase,1
3673,consuelo,1
3674,carpintero,1
3675,donos,1
3676,traidores,1
3677,pelo,1
3678,partí,1
3679,delicado,1
3680,traéis,1
3681,haríades,1
3682,remediásedes,1
3683,gastarlo,1
3684,alumbrado,1
3685,temo,1
3686,veáis,1
3687,ésas,1
3688,haga,1
3689,abierto,1
3690,pagaré,1
3691,probar,1
3692,angélico,1
3693,caldedero,1
3694,ayudalle,1
3695,flacas,1
3696,cato,1
3697,teníades,1
3698,adobar,1
3699,calderero,1
3700,acaso,1
3701,temer,1
3702,decia,1
3703,traíame,1
3704,dejándole,1
3705,desisto,1
3706,fenecer,1
3707,menear,1
3708,grados,1
3709,sonara,1
3710,oyera,1
3711,aflición,1
3712,librar,1
3713,fiel,1
3714,cristiano,1
3715,cuitado,1
3716,figura,1
3717,dejándome,1
3718,verdadera,1
3719,escarbar,1
3720,nueve,1
3721,quedan,1
3722,nuevas,1
3723,pasarme,1
3724,saeta,1
3725,known,1
3726,comenzóme,1
3727,viéndose,1
3728,toqué,1
3729,dieta,1
3730,consolarme,1
3731,comencélo,1
3732,osando,1
3733,recebillo,1
3734,contélos,1
3735,errara,1
3736,dijera,1
3737,ciégale,1
3738,plegarias,1
3739,devociones,1
3740,sentida,1
3741,allegar,1
3742,oblada,1
3743,saliendo,1
3744,paraíso,1
3745,panal,1
3746,credos,1
3747,invisible,1
3748,olvidando,1
3749,alegría,1
3750,terciana,1
3751,volviendo,1
3752,revolviendo,1
3753,disimulaba,1
3754,secreta,1
3755,avisaré,1
